customer_id,customer_name,customer_email id
123,jhon doe ,john.doe@example.com 
124,jane smith ,jane.smith@example.com
125,Bob jhonson ,Bob.jhonson@example.com
126,Alice broson ,Alice.broson@example.com
127,mike davis ,mike.davis@example.com
128,emily tailor,emily.tailor@example.com
129,David lee,David.lee@example.com
130,Sarah Kim ,Sarah.Kim@example.com
